fn,label
audio_files/IV38R7F.wav,akawuka
audio_files/KM4SKWT.wav,banana
audio_files/F5POSU9.wav,obulwadde
audio_files/MMVDXG2.wav,nnyaanya
audio_files/9TVM96F.wav,pampu
audio_files/8GPEC27.wav,obutunda
audio_files/39DZWLV.wav,plantation
audio_files/D7KFQ32.wav,ensujju
audio_files/B6NYZM0.wav,okulimibwa
audio_files/41RRFRN.wav,mpeke
audio_files/DL9EIZ3.wav,okusaasaana
audio_files/Z34VM4O.wav,ebigimusa
audio_files/LZPBPTT.wav,ekikolo
audio_files/GMO6V1D.wav,farm
audio_files/CRW4PWN.wav,kisaanyi
audio_files/ZYRVWU7.wav,kikajjo
audio_files/TO1NWA2.wav,ekisaanyi
audio_files/AN3RKKH.wav,ndwadde
audio_files/IT0E3VU.wav,omusiri
audio_files/PWKKJQN.wav,butterfly
audio_files/9S5G6ZN.wav,munyeera
audio_files/59JEWXX.wav,eggobe
audio_files/1CJSWB0.wav,ebiwojjolo
audio_files/4TJ10TU.wav,ebisoolisooli
audio_files/WFUTBWB.wav,namuginga
audio_files/9EOPAU9.wav,okugimusa
audio_files/K6XKYKL.wav,maize streak virus
audio_files/CUKHLUB.wav,ekirime
audio_files/WODBXT5.wav,miceere
audio_files/LOMJ9OZ.wav,sikungula
audio_files/JG2QOA0.wav,lumonde
audio_files/O6Z1VP2.wav,okukungula
audio_files/LO7X7MU.wav,cassava
audio_files/PAS7GSH.wav,ebirime
audio_files/RV5Z1ER.wav,ebijanjaalo
audio_files/OUG88S4.wav,weeding
audio_files/CAUMRQU.wav,garden
audio_files/QJF77PW.wav,lumonde
audio_files/52ZK2IP.wav,drought
audio_files/D1T7CRG.wav,leaves
audio_files/2X1D30I.wav,pampu
audio_files/15RROXE.wav,insect
audio_files/0JPWI1E.wav,akatungulu
audio_files/E06E7N0.wav,seed
audio_files/EECW52A.wav,okukungula
audio_files/PSC1KUL.wav,pepper
audio_files/L7CL0GW.wav,matooke seedlings
audio_files/XJ5PK8P.wav,drought
audio_files/PHB3GGE.wav,harvesting
audio_files/U7K4BJ8.wav,harvesting
audio_files/S9WFEKA.wav,medicine
audio_files/ESE6A2W.wav,nursery bed
audio_files/516YFMT.wav,ekirime
audio_files/5FD7H7O.wav,mucungwa
audio_files/W32X24D.wav,garden
audio_files/IP2Q0Q6.wav,endwadde
audio_files/FPQ3BEF.wav,pawpaw
audio_files/ONV3TCL.wav,enkota
audio_files/LRU8UT6.wav,ensiringanyi
audio_files/UPKM0ZS.wav,kassooli
audio_files/VQAEX9M.wav,okufuuyira
audio_files/R6YTO94.wav,akawuka
audio_files/4QAYEB3.wav,caterpillars
audio_files/HJBUEAG.wav,ekijanjaalo
audio_files/RCML7GM.wav,okukkoola
audio_files/HWJZ0TJ.wav,crop
audio_files/HXAXGPN.wav,okulima
audio_files/5GL0GYL.wav,ebigimusa
audio_files/BF2ME8D.wav,endagala
audio_files/CSBBLYY.wav,kaamulali
audio_files/AE3WTTT.wav,akawuka
audio_files/BZWU00G.wav,akatungulu
audio_files/HKMM9N9.wav,ennima
audio_files/73X4OG5.wav,omuceere
audio_files/JENQQSI.wav,micungwa
audio_files/DMADHFN.wav,ebisaanyi
audio_files/MQKXCIO.wav,ebijanjaalo
audio_files/UKO2Z70.wav,okukkoola
audio_files/JFN6V9N.wav,plant
audio_files/Q0505FK.wav,eddagala
audio_files/7VSSFC1.wav,ennimiro
audio_files/0MMTW6K.wav,amakoola
audio_files/M88EJCG.wav,eddagala
audio_files/W4P7MQM.wav,ebiwuka
audio_files/5HD4GTG.wav,okusaasaana
audio_files/ZGWTCNG.wav,ekigimusa
audio_files/FXIXWXE.wav,leaves
audio_files/VDRMW9E.wav,munyeera
audio_files/XU04GSG.wav,bibala
audio_files/2RE9IQI.wav,omusiri
audio_files/H583ESL.wav,beans
audio_files/XOP2MPK.wav,ebisoolisooli
audio_files/XHJ2R2K.wav,insect
audio_files/G2CGIVF.wav,nnimiro
audio_files/LTLN0PE.wav,ebiwojjolo
audio_files/5885O6U.wav,ebinyebwa
audio_files/ARDA2MU.wav,passion fruit
audio_files/GEUB5I5.wav,leaves
audio_files/TGZC27X.wav,Spinach
audio_files/LU7Q7UE.wav,okufuuyira
audio_files/QAZBGZZ.wav,okuzifuuyira
audio_files/B8SGZVT.wav,ndwadde
audio_files/S8HWJ63.wav,ekirwadde
audio_files/TESJUNV.wav,okufuuyira
audio_files/3V2POX1.wav,nakavundira
audio_files/0ITMM15.wav,nfukirira
audio_files/EOGW74M.wav,onion
audio_files/WMK1ZNX.wav,ddagala
audio_files/WE2RSBV.wav,ebiwuka
audio_files/X0226XZ.wav,muwogo
audio_files/43KVSPP.wav,irrigate
audio_files/J2OSRQ2.wav,ebigimusa
audio_files/3R34G35.wav,akasaanyi
audio_files/5U6M5S9.wav,ekikajjo
audio_files/36IRGL7.wav,emmwanyi
audio_files/CVSSP9K.wav,ekiwojjolo
audio_files/WGITQJ2.wav,orange
audio_files/DUJQ0R5.wav,ebibala
audio_files/K86X5P4.wav,sikungula
audio_files/SEIYX2K.wav,weeding
audio_files/KIYZFMO.wav,ebyobulimi
audio_files/56GCZH4.wav,ensuku
audio_files/BGY6RUV.wav,ebibala
audio_files/YIXO617.wav,farmer
audio_files/JP5G7LP.wav,micungwa
audio_files/XUE94T6.wav,muwogo
audio_files/6GUGNOT.wav,spray
audio_files/D5O4RJ2.wav,plant
audio_files/GFVB8TT.wav,ekikajjo
audio_files/Q2AAWXA.wav,ebigimusa
audio_files/JCFO9CC.wav,pepper
audio_files/NF4F309.wav,ekijanjaalo
audio_files/XAKV4KX.wav,weeding
audio_files/YHTPJGB.wav,obumonde
audio_files/U4FGLKI.wav,nnasale beedi
audio_files/REHO3DB.wav,kaamulali
audio_files/SFWD9U7.wav,ekikajjo
audio_files/OQWUZJZ.wav,abalimi
audio_files/0WYNJTG.wav,garden
audio_files/ZF1Q7FF.wav,okusaasaanya
audio_files/NNMPTHF.wav,doodo
audio_files/I71OMMN.wav,nfukirira
audio_files/3WA0VR8.wav,enva endiirwa
audio_files/4TVG9NS.wav,weeding
audio_files/RINOGBM.wav,ebikolo
audio_files/5FRZSKU.wav,endwadde
audio_files/NO72ENE.wav,obusaanyi
audio_files/TFZ7X7S.wav,omulimisa
audio_files/0J3GYGJ.wav,muceere
audio_files/U672F3W.wav,okusaasaanya
audio_files/A1OEKUE.wav,ejjobyo
audio_files/6KCHVNV.wav,ebikajjo
audio_files/RH1WRCA.wav,okulimibwa
audio_files/X57XGVW.wav,enkota
audio_files/MYJ9E3Z.wav,endwadde
audio_files/ONVG4ZV.wav,nursery bed
audio_files/CVSJIG5.wav,garden
audio_files/9JQDGMQ.wav,leaves
audio_files/U1BGLK0.wav,omucungwa
audio_files/0LKHWS0.wav,ebijanjaalo
audio_files/3R2MB2F.wav,omucungwa
audio_files/ZFOJ4YW.wav,amappapaali
audio_files/AHDYIMU.wav,ensiringanyi
audio_files/XRPZUWT.wav,ensigo
audio_files/LYP0IQP.wav,plantation
audio_files/5LEKX3D.wav,ebikoola
audio_files/RO2G0B2.wav,emboga
audio_files/RM3XLFY.wav,spread
audio_files/U667R4L.wav,akamonde
audio_files/BK8UDCM.wav,kasaanyi
audio_files/1F3IM80.wav,namuginga
audio_files/CJP6X83.wav,akatungulu
audio_files/ZSMWOIM.wav,ejjobyo
audio_files/64S0KOM.wav,okufuuyira
audio_files/6BB176Q.wav,ebiwojjolo
audio_files/S2OFA4P.wav,ekirwadde
audio_files/V6523B8.wav,dig
audio_files/DMNZRB5.wav,ebisooli
audio_files/P9BO4KS.wav,nnyaanya
audio_files/TUCPKHY.wav,sikungula
audio_files/7GLU659.wav,ekisaanyi
audio_files/D019KYU.wav,plant
audio_files/IUVXAG2.wav,nnakati
audio_files/QVTCLMX.wav,obumonde
audio_files/SFMLQRR.wav,akasaanyi
audio_files/10ZWXAZ.wav,obulimi
audio_files/T51P266.wav,ndwadde
audio_files/ZBWO51J.wav,spray
audio_files/N1GM3F9.wav,ekigimusa
audio_files/1R9VVK1.wav,crop
audio_files/8G6ORCS.wav,mangoes
audio_files/5RY117G.wav,sweet potatoes
audio_files/M5SHAM4.wav,akammwanyi
audio_files/MFYGSDY.wav,obulwadde
audio_files/3RXYZMA.wav,ebijanjaalo
audio_files/51185T9.wav,munyeera
audio_files/R073G48.wav,nakavundira
audio_files/IHG9RP1.wav,vegetables
audio_files/L7M615O.wav,ebiwuka
audio_files/5ZLE5XM.wav,worm
audio_files/XKCDZT0.wav,enva endiirwa
audio_files/25U7QJE.wav,akatungulu
audio_files/J34Q5Z9.wav,amakungula
audio_files/NFRV36E.wav,enkota
audio_files/DGR5DBX.wav,ekirime
audio_files/JMSP150.wav,mpeke
audio_files/RRXX00B.wav,omuyembe
audio_files/HDAOCOA.wav,dig
audio_files/50Q3BF9.wav,harvest
audio_files/7DW57UX.wav,endagala
audio_files/ID9MABS.wav,weeding
audio_files/AY2VOEV.wav,lumonde
audio_files/I5BOJC5.wav,ensigo
audio_files/HGBCZYU.wav,ennimiro
audio_files/B1AE0FX.wav,nursery bed
audio_files/X9I70XU.wav,okuzifuuyira
audio_files/TOHHXQG.wav,olusuku
audio_files/83JBCDZ.wav,plantation
audio_files/PKID5PZ.wav,amakoola
audio_files/JPBXRKO.wav,amalagala
audio_files/P65KWVN.wav,ebikolo
audio_files/KEOO762.wav,kasaanyi
audio_files/Q5ZSXI6.wav,obulwadde
audio_files/OI1F4W8.wav,npk
audio_files/AX82ISA.wav,kikolo
audio_files/GC86SPR.wav,obulimi
audio_files/XN21SNK.wav,maize
audio_files/5PVHEPI.wav,seed
audio_files/O737I56.wav,muwogo
audio_files/HU28HYY.wav,ennima
audio_files/0NCD6RV.wav,coffee
audio_files/B0VT1JB.wav,ebijjanjalo
audio_files/TCUX3UB.wav,irish potatoes
audio_files/LIA0YBJ.wav,ebimera
audio_files/2O69B78.wav,irrigate
audio_files/GIQCL5F.wav,ebijjanjalo
audio_files/4BJV6JV.wav,matooke
audio_files/RSYQGJV.wav,omuceere
audio_files/PNBUX23.wav,ekirwadde
audio_files/23M4E0E.wav,kaamulali
audio_files/VZHJ6SY.wav,dig
audio_files/4JHNZF2.wav,ebisoolisooli
audio_files/K8O6O53.wav,okuzifuuyira
audio_files/8YQMR25.wav,ebigimusa
audio_files/EYWXCJ1.wav,farmer
audio_files/2U4X3DX.wav,ndwadde
audio_files/94R9VA0.wav,leaf
audio_files/F8ZGDMQ.wav,afukirira
audio_files/LRWGCX9.wav,ensujju
audio_files/VSK9CGV.wav,ebisaanyi
audio_files/SX1O62P.wav,ekirwadde
audio_files/G05JCFF.wav,ensukusa
audio_files/HHZ2CP5.wav,caterpillar
audio_files/OIAIMLZ.wav,okuzifuuyira
audio_files/S53SFYK.wav,sukumawiki
audio_files/4N6T83Q.wav,suckers
audio_files/ICAKJMX.wav,harvest
audio_files/5QIFOI9.wav,amatooke
audio_files/3J8WKXR.wav,micungwa
audio_files/IAWF2PB.wav,emiyembe
audio_files/8C9AYM4.wav,ebiwojjolo
audio_files/L15U266.wav,caterpillar
audio_files/U1X9VPV.wav,obulimi
audio_files/EG6SW01.wav,ebiwojjolo
audio_files/CRGUVGT.wav,akamonde
audio_files/JXXFIXB.wav,ensujju
audio_files/F06ML71.wav,akamonde
audio_files/WPW71JZ.wav,endokwa
audio_files/BMI7ZS2.wav,okusimba
audio_files/REJ93YZ.wav,munyeera
audio_files/ZR8RJ70.wav,weeding
audio_files/7FEU3QR.wav,mulimi
audio_files/Q58PUG9.wav,kassooli
audio_files/OYM7YQQ.wav,okuzifuuyira
audio_files/VSX6W7D.wav,farming instructor
audio_files/R16F0W4.wav,ensiringanyi
audio_files/IMD6E7R.wav,fertilizer
audio_files/ONB800H.wav,pampu
audio_files/5T3YAQG.wav,eddagala
audio_files/FOTG6BG.wav,kukungula
audio_files/ITFPOUR.wav,akatunda
audio_files/3PYCA2S.wav,ebirime
audio_files/KBGFP5N.wav,kukungula
audio_files/AAPGF07.wav,irish potatoes
audio_files/TX7WIWZ.wav,fertilizer
audio_files/OIFJWIU.wav,drought
audio_files/EI42SN7.wav,ebiwojjolo
audio_files/SMNDURA.wav,omulimi
audio_files/7UFI751.wav,nambaale
audio_files/D84TZ7L.wav,ebikongoliro
audio_files/QNCCEIU.wav,obusaanyi
audio_files/AQZW7G0.wav,kasaanyi
audio_files/740DBZK.wav,irish potatoes
audio_files/QD86KCD.wav,akawuka
audio_files/81PVZAT.wav,ebisooli
audio_files/BS4AURP.wav,omuceere
audio_files/0CPCO41.wav,sow
audio_files/9DMI4RU.wav,ebyobulimi
audio_files/Y45UM3Z.wav,ensukusa
audio_files/X1U2VMJ.wav,leaves
audio_files/PVOFKYE.wav,matooke seedlings
audio_files/ZEE7LRM.wav,obulwadde
audio_files/9XCKVPA.wav,ddagala
audio_files/V4BB8MM.wav,kisaanyi
audio_files/ITCININ.wav,akasaanyi
audio_files/07BYRDT.wav,endagala
audio_files/Z75FXM5.wav,kaamulali
audio_files/9XW0Z3V.wav,obulwadde
audio_files/XM7JBU2.wav,ensiringanyi
audio_files/4ZFEQ1Q.wav,ground nuts
audio_files/JFHNBZU.wav,ensiringanyi
audio_files/UHFMFKJ.wav,super grow
audio_files/G4KYYZ7.wav,seed
audio_files/T3JOETQ.wav,ekimera
audio_files/A4L3DZZ.wav,endwadde
audio_files/493T9CI.wav,fruit picking
audio_files/DJO0J4W.wav,obuwuka
audio_files/9SQ2Z71.wav,insect
audio_files/60Q5J4G.wav,okusiga
audio_files/XKG082I.wav,leaf
audio_files/PZHWZMA.wav,nakavundira
audio_files/ZU4QZ3P.wav,kasaanyi
audio_files/SBVYZIG.wav,ebyobulimi
audio_files/XOESOZ8.wav,kisaanyi
audio_files/PBXS2TE.wav,cassava
audio_files/368FFUP.wav,amatooke
audio_files/DFI45CH.wav,nnakati
audio_files/ZTIQXWJ.wav,akatunda
audio_files/WTX5ZXZ.wav,okusaasaana
audio_files/EUI4LU5.wav,ddagala
audio_files/77G0P32.wav,mucungwa
audio_files/6K0S9S3.wav,emisiri
audio_files/6QRKXIC.wav,ebikajjo
audio_files/B77INNZ.wav,miceere
audio_files/R701RI2.wav,ensujju
audio_files/W2FAGVD.wav,nfukirira
audio_files/LADYOJE.wav,ebikongoliro
audio_files/Z2F7ZSL.wav,ennima
audio_files/C92JHM8.wav,spray
audio_files/VNGWVL2.wav,endokwa
audio_files/PFLJ1HG.wav,ensigo
audio_files/S4UFW8E.wav,ekitooke
audio_files/J7K9383.wav,emicungwa
audio_files/Z21XOMG.wav,endagala
audio_files/JWXXCP6.wav,matooke
audio_files/UBR2321.wav,ensiringanyi
audio_files/RJWHBPJ.wav,obusaanyi
audio_files/3LYHJVJ.wav,omulimi
audio_files/C1Q4WFG.wav,pumpkin
audio_files/TRM47AA.wav,sow
audio_files/5H3KWCO.wav,greens
audio_files/I8AHCUN.wav,omulimisa
audio_files/UJ1KWT5.wav,okusaasaanya
audio_files/B1N39T4.wav,amappapaali
audio_files/7QYZESS.wav,bulimi
audio_files/7KQW49S.wav,ebisooli
audio_files/R9A7OWL.wav,matooke
audio_files/BXKRLBZ.wav,okugimusa
audio_files/VABPKET.wav,agriculture
audio_files/50V5LCP.wav,okufukirira
audio_files/GZQ1589.wav,kikolo
audio_files/N9ML79A.wav,farming instructor
audio_files/IHMR20L.wav,tomatoes
audio_files/25W0DKW.wav,farm
audio_files/A4LA2EA.wav,ekiwojjolo
audio_files/1SLYU70.wav,emicungwa
audio_files/3ENNBNF.wav,amatooke
audio_files/RM7EHO4.wav,harvesting
audio_files/T76GMLD.wav,bulimi
audio_files/KIONC78.wav,fruit
audio_files/CTN05T1.wav,okugimusa
audio_files/REVBO2L.wav,kaamulali
audio_files/T80KWOG.wav,plantation
audio_files/KZ3PJOE.wav,ensujju
audio_files/LHECIQ0.wav,okugimusa
audio_files/CBAZ9ZG.wav,emiyembe
audio_files/LLZE01E.wav,ebitooke
audio_files/JCJNEH2.wav,obuwuka
audio_files/SZP5D3N.wav,ekisaanyi
audio_files/ZG0G9LJ.wav,kikolo
audio_files/67FIJLB.wav,worm
audio_files/0L3V0MU.wav,ensujju
audio_files/TAIN6VQ.wav,ensukusa
audio_files/M209DHZ.wav,fruit picking
audio_files/9GFQ87Q.wav,caterpillars
audio_files/7L61F5G.wav,obutunda
audio_files/KOZ1DVS.wav,ensiringanyi
audio_files/OKKI9LJ.wav,suckers
audio_files/6CQP64H.wav,butterfly
audio_files/JWH0CF3.wav,farm
audio_files/439REWV.wav,farm
audio_files/KXE6NOU.wav,ddagala
audio_files/QUR1ZA8.wav,crop
audio_files/O060MK0.wav,abalimi
audio_files/0I4YWTT.wav,okusaasaanya
audio_files/D71DVXJ.wav,ekisaanyi
audio_files/AD5ZHLZ.wav,rice
audio_files/YLYQ7BG.wav,bibala
audio_files/U5LDFBX.wav,endwadde
audio_files/3JIJL2F.wav,ground nuts
audio_files/35AKJ9F.wav,ebbugga
audio_files/9TDK5D0.wav,farm
audio_files/0VVL8B2.wav,suckers
audio_files/9NSXRRK.wav,ekisaanyi
audio_files/DS3K0XX.wav,muceere
audio_files/JVYAMVQ.wav,okusaasaana
audio_files/P0935G8.wav,abalimi
audio_files/ZIYWAIE.wav,kasaanyi
audio_files/VVIEDZV.wav,ppaapaali
audio_files/5LS3L5E.wav,akatunda
audio_files/71EPX6Y.wav,crop
audio_files/YUVYKH5.wav,okunnoga
audio_files/HVEFPEZ.wav,nnyaanya
audio_files/QFMCJT0.wav,obutungulu
audio_files/HO569H8.wav,leaf
audio_files/RAN5D97.wav,okusimba
audio_files/NDVHFAM.wav,dig
audio_files/4HH8046.wav,okusaasaana
audio_files/G9T73R4.wav,medicine
audio_files/9BB7EGT.wav,ennyaanya
audio_files/TB5OZGK.wav,lusuku
audio_files/OWEVHTZ.wav,bulimi
audio_files/8UCQDBU.wav,ennimiro
audio_files/E5XK5YX.wav,garden
audio_files/PHKUXM6.wav,maize
audio_files/ZHDSQKT.wav,ebiwojjolo
audio_files/VPFA1EN.wav,lusuku
audio_files/IIZ0TYP.wav,ebisaanyi
audio_files/UY86L81.wav,emboga
audio_files/6FAJ79D.wav,kasaanyi
audio_files/5X315OO.wav,medicine
audio_files/AD5LE0U.wav,okunnoga
audio_files/ZDZ2JNR.wav,leaf
audio_files/HA1DJ4Y.wav,insects
audio_files/HJQ7F40.wav,endagala
audio_files/N6XRJAQ.wav,akasaanyi
audio_files/B16MAV6.wav,ebimera
audio_files/3PK69G6.wav,mango
audio_files/ESIQ6Z6.wav,farmer
audio_files/CNUM13W.wav,akammwanyi
audio_files/Y9NMU3V.wav,eppapaali
audio_files/8SI2YA2.wav,akasaanyi
audio_files/BW5FQFU.wav,ensuku
audio_files/1K4H0M8.wav,kassooli
audio_files/SP5C17G.wav,ebigimusa
audio_files/UTJ4T3I.wav,omusiri
audio_files/XFU8JXE.wav,harvest
audio_files/DJ40PSS.wav,ebikoola
audio_files/8N5VBR3.wav,kisaanyi
audio_files/08AG8N4.wav,nambaale
audio_files/HKNTXNV.wav,plantation
audio_files/BKJQ90L.wav,ebisooli
audio_files/S0L8AR3.wav,ennyaanya
audio_files/SVZPB3M.wav,obutungulu
audio_files/RYDBNRH.wav,nakavundira
audio_files/0SFROZA.wav,ebikoola
audio_files/2EVC3Y3.wav,ekigimusa
audio_files/91VRLR9.wav,kikajjo
audio_files/1IGD6S7.wav,farmer
audio_files/K4GO6BO.wav,amakungula
audio_files/GGBZCXT.wav,nambaale
audio_files/W9M30WZ.wav,amappapaali
audio_files/CW06L0N.wav,emmwanyi
audio_files/PHL9K6R.wav,ebigimusa
audio_files/9RRLAYR.wav,ekimera
audio_files/ZSDQH69.wav,mpeke
audio_files/O3NGX97.wav,fruit picking
audio_files/Z1SF87L.wav,doodo
audio_files/ES50P5X.wav,ddagala
audio_files/8Y6GZSY.wav,okuzifuuyira
audio_files/GU68WMY.wav,emisiri
audio_files/MHPOLJV.wav,eppapaali
audio_files/BGCNT18.wav,mpeke
audio_files/0XO08RU.wav,omucungwa
audio_files/F4TPZBY.wav,mango
audio_files/ND9LZL0.wav,obuwuka
audio_files/VN6WHEF.wav,okusaasaana
audio_files/AH8XHXA.wav,ekitooke
audio_files/NT1F38T.wav,farming instructor
audio_files/HLXV2Z2.wav,akamonde
audio_files/XA8EZWV.wav,amalagala
audio_files/NQ5V0P2.wav,obutungulu
audio_files/NEUJ799.wav,omulimi
audio_files/R542QRE.wav,ekigimusa
audio_files/A0HIBFS.wav,lumonde
audio_files/NEU6KBR.wav,emiyembe
audio_files/WFD5SXH.wav,omuyembe
audio_files/UWIHRAE.wav,nambaale
audio_files/OIMR7UW.wav,leaf
audio_files/Y18VF0T.wav,okukungula
audio_files/FTKOEOK.wav,miceere
audio_files/4DM37ZX.wav,weeding
audio_files/D5408VY.wav,emmwanyi
audio_files/ZTWYDLS.wav,nnasale beedi
audio_files/1IY0OGS.wav,ebyobulimi
audio_files/X6CZ07E.wav,Spinach
audio_files/35E5C28.wav,Pump
audio_files/LM8R5K4.wav,ebisooli
audio_files/MOSU46X.wav,ebinyebwa
audio_files/0M5UWF2.wav,caterpillars
audio_files/RSWJ1ZK.wav,Pump
audio_files/FY1Y9RZ.wav,spread
audio_files/CL4RDUG.wav,ebijjanjalo
audio_files/NLZHBA4.wav,ekijanjaalo
audio_files/KGG0LXF.wav,amappapaali
audio_files/NU7IFUD.wav,ebimera
audio_files/O1YM6R1.wav,nnimiro
audio_files/3J07VMT.wav,obutunda
audio_files/WXA42A3.wav,nnimiro
audio_files/89F2E6B.wav,ebikoola
audio_files/0OMS1NW.wav,ekijanjaalo
audio_files/JIAP5S8.wav,ebibala
audio_files/9C3HZIO.wav,ebisaanyi
audio_files/Z892CRE.wav,akammwanyi
audio_files/DLMUVT3.wav,ekirwadde
audio_files/E1QPUNV.wav,namuginga
audio_files/R1OB0SJ.wav,enkota
audio_files/OQ0T1TP.wav,akawuka
audio_files/62YZW4I.wav,ebiwuka
audio_files/DFAZ5UA.wav,ebisaanyi
audio_files/N9MSL9O.wav,ennyaanya
audio_files/H0Z8JVU.wav,onion
audio_files/313L39W.wav,plant
audio_files/XRDRHCJ.wav,okusaasaana
audio_files/J292BZU.wav,harvest
audio_files/ENT7TXC.wav,doodo
audio_files/FJ0D3YR.wav,bibala
audio_files/ZI9M6KY.wav,sow
audio_files/29J18E6.wav,kukungula
audio_files/08749M6.wav,ebigimusa
audio_files/DNXY47Q.wav,ebiwuka
audio_files/HFWA4WZ.wav,obuwuka
audio_files/7K3BI7E.wav,endwadde
audio_files/W8AE34O.wav,super grow
audio_files/ATPVJZ6.wav,maize stalk borer
audio_files/KXDDZPC.wav,ebikolo
audio_files/IODCY0U.wav,akawuka
audio_files/R2S2SB0.wav,ebitooke
audio_files/H2EIVS1.wav,farmer
audio_files/GFHFP6G.wav,ennimiro
audio_files/J28NE2C.wav,bulimi
audio_files/RDSOZQN.wav,ebiwuka
audio_files/DRITOOB.wav,kisaanyi
audio_files/BQM5Q7G.wav,drought
audio_files/CA4N64Z.wav,orange
audio_files/RYNHCQD.wav,obutunda
audio_files/0G42FCH.wav,eddagala
audio_files/EVXQOMQ.wav,okunnoga
audio_files/FE5A49W.wav,sukumawiki
audio_files/A9JHALD.wav,ekibala
audio_files/WMIQZAJ.wav,mucungwa
audio_files/P5NYE7Q.wav,afukirira
audio_files/YUGHWGG.wav,ebikajjo
audio_files/ADTSOSM.wav,nnakati
audio_files/WAKCOHI.wav,nambaale
audio_files/0TYHMIF.wav,watermelon
audio_files/08BYLU9.wav,maize streak virus
audio_files/XV7D0SK.wav,spray
audio_files/MFU5AOS.wav,ebinyebwa
audio_files/PW4S0DL.wav,eddagala
audio_files/9MVZIMF.wav,ebiwuka
audio_files/9PVUBZL.wav,okuzifuuyira
audio_files/5SSZEWZ.wav,sweet potatoes
audio_files/V4IFNYA.wav,sweet potatoes
audio_files/KV4BEPP.wav,amappapaali
audio_files/IUCWUKU.wav,super grow
audio_files/KHC50MJ.wav,omulimi
audio_files/LMDNAC7.wav,okuzifuuyira
audio_files/R5DKWEL.wav,obutungulu
audio_files/F6NJ612.wav,ebitooke
audio_files/5FQPVGK.wav,ebitooke
audio_files/VG0YIQB.wav,ebiwojjolo
audio_files/8JUOD0O.wav,okufukirira
audio_files/697FRK6.wav,emmwanyi
audio_files/FX0ID4Q.wav,plantation
audio_files/YMCUEQG.wav,Pump
audio_files/JZQVJ3W.wav,ekyeya
audio_files/DFYINPP.wav,ekiwojjolo
audio_files/6GSN2J4.wav,ebigimusa
audio_files/N17IFKE.wav,rice
audio_files/TGQN9VM.wav,nakavundira
audio_files/U5V0UQX.wav,okulima
audio_files/T4LBUX0.wav,okulima
audio_files/OR9PEVU.wav,passion fruit
audio_files/1W68ZWV.wav,sow
audio_files/I3MEEUM.wav,okusimba
audio_files/4TC8HG1.wav,ekirime
audio_files/SPFJ8QM.wav,akatunda
audio_files/UC802DI.wav,okusiga
audio_files/OA0DN26.wav,nakavundira
audio_files/KFERXV5.wav,butterfly
audio_files/E1D3DQF.wav,eddagala
audio_files/W60AGN3.wav,ndwadde
audio_files/K4V0N40.wav,ebisooli
audio_files/I84MBYS.wav,muceere
audio_files/I5FI8CY.wav,ekisaanyi
audio_files/4BL5H2O.wav,agriculture
audio_files/GS5NKHQ.wav,nursery bed
audio_files/485FTT9.wav,beans
audio_files/3NJDW1J.wav,suckers
audio_files/XYWUHLD.wav,ensigo
audio_files/VDPRAZ1.wav,disease
audio_files/7LG8PFK.wav,omuyembe
audio_files/J42TDB3.wav,afukirira
audio_files/1YW3HII.wav,ekigimusa
audio_files/MJGOZYK.wav,endwadde
audio_files/W9WJILR.wav,Pump
audio_files/D9WS86V.wav,obumonde
audio_files/UK3CG3S.wav,obusaanyi
audio_files/TR65JSA.wav,endagala
audio_files/HG754OM.wav,ebisaanyi
audio_files/PZ95N28.wav,ebinyebwa
audio_files/VDRSVB2.wav,maize stalk borer
audio_files/HY0U8HH.wav,ejjobyo
audio_files/G3CVN03.wav,nnyaanya
audio_files/4LMU2T8.wav,ebbugga
audio_files/RVZRRCI.wav,obumonde
audio_files/ZC8Y9WD.wav,harvesting
audio_files/8GNS3EG.wav,leaf
audio_files/0AUAB3C.wav,enva endiirwa
audio_files/1KN4JAH.wav,ekimera
audio_files/1Z5BD96.wav,coffee
audio_files/VU6K2GB.wav,nfukirira
audio_files/9ZK85SR.wav,Pump
audio_files/TUS13G6.wav,okufuuyira
audio_files/RBYDDLP.wav,ekikoola
audio_files/8Q8JUCC.wav,namuginga
audio_files/81H9BHU.wav,tomatoes
audio_files/NFJEKM3.wav,obulwadde
audio_files/CMHD05H.wav,mulimi
audio_files/1PA6CZG.wav,ebimera
audio_files/WXPOM1J.wav,pawpaw
audio_files/2IHI6QI.wav,akawuka
audio_files/BZBUU5K.wav,faamu
audio_files/SR0G7WW.wav,insect
audio_files/Q0I1CRJ.wav,ekisaanyi
audio_files/R5VCJUP.wav,okusimba
audio_files/FBF73BO.wav,okugimusa
audio_files/GB5XXOM.wav,akasaanyi
audio_files/4SBRSMB.wav,obuwuka
audio_files/XRLAV4O.wav,emboga
audio_files/HFBSDE6.wav,Spinach
audio_files/6H3ECPG.wav,mpeke
audio_files/BGLKYYC.wav,ppaapaali
audio_files/0F9LIZM.wav,nnakati
audio_files/QTM1KED.wav,akatunda
audio_files/1R6WQEN.wav,obumonde
audio_files/HUQS2HJ.wav,ebimera
audio_files/8WQP2ZA.wav,omuceere
audio_files/ZSHJLUD.wav,amalagala
audio_files/NJ7HJ5H.wav,sow
audio_files/F346U8Y.wav,obutunda
audio_files/6OIQH0G.wav,ennima
audio_files/UHNNGON.wav,emicungwa
audio_files/2TPF8MQ.wav,kassooli
audio_files/V7T0ZBP.wav,ebibala
audio_files/1FXZY0O.wav,okufuuyira
audio_files/8W0UCS1.wav,ejjobyo
audio_files/AQN8I9B.wav,okusiga
audio_files/4BUXIDT.wav,drought
audio_files/HNFXFHI.wav,obulwadde
audio_files/GNCLPVH.wav,kaamulali
audio_files/E2M0MLL.wav,namuginga
audio_files/4NHC2XH.wav,irrigate
audio_files/4TGP71N.wav,agriculture
audio_files/343GXMI.wav,okugimusa
audio_files/CTLMADK.wav,pumpkin
audio_files/FGGTYHO.wav,akammwanyi
audio_files/V9CM2BC.wav,obusaanyi
audio_files/G418Y24.wav,plantation
audio_files/6AWY52Y.wav,emiyembe
audio_files/6C2MVL1.wav,obuwuka
audio_files/4ME9GTN.wav,mangoes
audio_files/ZAI5Q1X.wav,ebikajjo
audio_files/7UK0T3D.wav,ensigo
audio_files/HIUFHB7.wav,emicungwa
audio_files/BEOSI1T.wav,micungwa
audio_files/N0SDEAL.wav,akatunda
audio_files/OG5VYW5.wav,agriculture
audio_files/U6YASVH.wav,amappapaali
audio_files/E0MM1IY.wav,maize streak virus
audio_files/TUQF3II.wav,enva endiirwa
audio_files/7ZSHMW8.wav,garden
audio_files/I8EJQ5T.wav,farming instructor
audio_files/8437G91.wav,fruit
audio_files/IGDJPDX.wav,ddagala
audio_files/4FOHP1I.wav,endwadde
audio_files/4OHH6I3.wav,ebikolo
audio_files/52FWL6I.wav,nnasale beedi
audio_files/SZUBE1M.wav,akawuka
audio_files/Y3W5T5F.wav,disease
audio_files/B2MSSN4.wav,okugimusa
audio_files/L0QMLNU.wav,leaves
audio_files/EHUYMXB.wav,okukkoola
audio_files/PMXFL81.wav,nnakati
audio_files/9N4VKO3.wav,obutungulu
audio_files/VDRSE52.wav,faamu
audio_files/0XYFEU5.wav,spread
audio_files/1LRSGYF.wav,okugimusa
audio_files/FSF6DG9.wav,mangoes
audio_files/DUNR0PB.wav,watermelon
audio_files/JZMVXSW.wav,sow
audio_files/SCENZET.wav,pawpaw
audio_files/U0GX23X.wav,doodo
audio_files/NWTOE51.wav,akasaanyi
audio_files/G20COX3.wav,amatooke
audio_files/S9342PK.wav,ebitooke
audio_files/A50E89B.wav,agriculture
audio_files/ZJ0K1SB.wav,greens
audio_files/BQU1L6N.wav,ebiwuka
audio_files/ZR3VFBN.wav,ekibala
audio_files/UCAEN43.wav,sikungula
audio_files/NN1FW91.wav,amalagala
audio_files/B4GBXFY.wav,okufukirira
audio_files/DBVRNU5.wav,cabbages
audio_files/CTX5N4T.wav,muwogo
audio_files/CLRBFIP.wav,afukirira
audio_files/OHX7A3Y.wav,nambaale
audio_files/9FDONXZ.wav,nursery bed
audio_files/B46J5JM.wav,ebikoola
audio_files/IDITJLN.wav,okufuuyira
audio_files/GSN7ROM.wav,coffee
audio_files/DJ65HJ1.wav,fruit
audio_files/9C8JD2Z.wav,okulima
audio_files/XLXXYIR.wav,ekikoola
audio_files/DZY08N8.wav,fruit picking
audio_files/R89EVN7.wav,obuwuka
audio_files/CQ0QA8X.wav,omulimi
audio_files/QUREWYN.wav,ebisaanyi
audio_files/EQFB5OA.wav,emboga
audio_files/4MK9MHT.wav,obusaanyi
audio_files/IY6BL2R.wav,harvesting
audio_files/K8YVGMQ.wav,lumonde
audio_files/NUP86U0.wav,ekiwojjolo
audio_files/BSD8RYV.wav,obutunda
audio_files/UDPA0VU.wav,ekikoola
audio_files/1NHW8JO.wav,plantation
audio_files/EMVNRZ3.wav,insects
audio_files/7QXN2WO.wav,ppaapaali
audio_files/20TFD2N.wav,kikajjo
audio_files/OB1XR71.wav,nnimiro
audio_files/E5DNRGV.wav,amalagala
audio_files/LJQM7D4.wav,namuginga
audio_files/NQAJ0U2.wav,ndwadde
audio_files/4BL8IBF.wav,farming instructor
audio_files/VO5TCJB.wav,emicungwa
audio_files/Y8Z4JJ5.wav,fruit picking
audio_files/X2GO7IM.wav,munyeera
audio_files/5R5C2M6.wav,munyeera
audio_files/YJEG0T5.wav,mango
audio_files/TYOA2UY.wav,pawpaw
audio_files/YMC0ZGF.wav,spread
audio_files/RAH3OVR.wav,kasaanyi
audio_files/H536AW2.wav,npk
audio_files/W30TGTL.wav,ejjobyo
audio_files/8CHV763.wav,ensiringanyi
audio_files/MIBW6AA.wav,seed
audio_files/DMCL7Z7.wav,bibala
audio_files/4PMT2JG.wav,omucungwa
audio_files/1D3ZBZC.wav,matooke seedlings
audio_files/JUZZLNZ.wav,ekikoola
audio_files/3MKT81Q.wav,akammwanyi
audio_files/4BOX8KB.wav,ekirime
audio_files/RDHCE8R.wav,harvest
audio_files/4LYSSGJ.wav,super grow
audio_files/1D0LB6I.wav,okufuuyira
audio_files/027JFNY.wav,ebikongoliro
audio_files/VG098DE.wav,maize stalk borer
audio_files/O2Z3S10.wav,ensukusa
audio_files/J73WESQ.wav,nambaale
audio_files/CIBFQVU.wav,ebisooli
audio_files/GG21R7D.wav,fruit picking
audio_files/Q3LQ3DM.wav,mucungwa
audio_files/ESW6MDU.wav,mulimi
audio_files/VU3ZMHL.wav,omucungwa
audio_files/IXL0PEE.wav,omusiri
audio_files/EGJEKPS.wav,ndwadde
audio_files/3Z62H20.wav,ndwadde
audio_files/7XTBOQT.wav,pepper
audio_files/FAFECN3.wav,harvest
audio_files/638FIEK.wav,okukungula
audio_files/7HG58LE.wav,eggobe
audio_files/R1N97NT.wav,ekikajjo
audio_files/7YLVU98.wav,munyeera
audio_files/WKCPTGA.wav,ddagala
audio_files/EU966J9.wav,obulimi
audio_files/I5Y1KLS.wav,olusuku
audio_files/YC7UA07.wav,ekibala
audio_files/W65GEDR.wav,lumonde
audio_files/NJTJQIG.wav,maize
audio_files/TV6U7QO.wav,kikajjo
audio_files/4GPE7Q4.wav,ensiringanyi
audio_files/Q0Y6XF6.wav,fertilizer
audio_files/2PAYMMR.wav,okugimusa
audio_files/2AY2GYJ.wav,cabbages
audio_files/L0088KD.wav,ennyaanya
audio_files/E7SLJR7.wav,ebigimusa
audio_files/JWFYDV5.wav,ebbugga
audio_files/6Q5VNWB.wav,lusuku
audio_files/F70PJ4Z.wav,suckers
audio_files/M9ILW16.wav,medicine
audio_files/RCUNGWZ.wav,crop
audio_files/BG41WEK.wav,ensuku
audio_files/SPSUADT.wav,ekitooke
audio_files/75FOBD6.wav,pampu
audio_files/FUUQEXZ.wav,amalagala
audio_files/C52FX3C.wav,sugarcane
audio_files/TPTQPSX.wav,okukungula
audio_files/IMX6Y1Z.wav,obusaanyi
audio_files/JDLFLPK.wav,emmwanyi
audio_files/UQEWT2R.wav,ebiwuka
audio_files/YV3HSNL.wav,obusaanyi
audio_files/XS8A2IT.wav,ennimiro
audio_files/5XVZ83Y.wav,dig
audio_files/H9B3E7E.wav,matooke
audio_files/2SU02O2.wav,agriculture
audio_files/L4ME9UO.wav,olusuku
audio_files/1QB9KU7.wav,ebijanjaalo
audio_files/WC76ERK.wav,doodo
audio_files/CI3WGMH.wav,ebiwojjolo
audio_files/IJNOSMU.wav,nursery bed
audio_files/01RD8LR.wav,omulimisa
audio_files/R1VEXY1.wav,endwadde
audio_files/690LJTR.wav,dig
audio_files/UIKWKWL.wav,ekyeya
audio_files/FC68N2W.wav,obumonde
audio_files/F6TGML2.wav,amakungula
audio_files/6OGJK2P.wav,nnakati
audio_files/Q3R35KY.wav,irrigate
audio_files/P0U0ZTO.wav,greens
audio_files/I9BY7YJ.wav,ebinyebwa
audio_files/CF83BFX.wav,muceere
audio_files/S7FT638.wav,eggobe
audio_files/DEKZKZ1.wav,crop
audio_files/ABU7CO1.wav,okufuuyira
audio_files/XWEA57L.wav,ejjobyo
audio_files/243EQJG.wav,okulimibwa
audio_files/3TIQR4H.wav,ekisaanyi
audio_files/HR164LZ.wav,akasaanyi
audio_files/CLM3MVU.wav,vegetables
audio_files/0SR5296.wav,munyeera
audio_files/QE6HBWX.wav,ebikongoliro
audio_files/DRJ2S0Q.wav,dig
audio_files/JTIXDGL.wav,vegetables
audio_files/KBN8ZWY.wav,ddagala
audio_files/KJ9LKDC.wav,micungwa
audio_files/WI5ZXEO.wav,bibala
audio_files/8B9JNT2.wav,namuginga
audio_files/P1N1ND5.wav,okusiga
audio_files/29VP3TT.wav,muwogo
audio_files/6N4Q9D2.wav,okuzifuuyira
audio_files/3ZPXVJ3.wav,emicungwa
audio_files/592EFQE.wav,ejjobyo
audio_files/3AMIH7X.wav,ekyeya
audio_files/IJCLHN4.wav,worm
audio_files/7HA765E.wav,akasaanyi
audio_files/GRG8YMB.wav,harvesting
audio_files/GK0QU4U.wav,namuginga
audio_files/FE7DOB5.wav,enva endiirwa
audio_files/QMVPDQ5.wav,emiyembe
audio_files/7J18VHF.wav,banana
audio_files/E97QANA.wav,ebisaanyi
audio_files/JPB3LUM.wav,nnasale beedi
audio_files/B980JYJ.wav,munyeera
audio_files/MNVJ9V1.wav,kaamulali
audio_files/A5F87ZV.wav,sugarcane
audio_files/QT0HG7H.wav,kukungula
audio_files/983PTUA.wav,fertilizer
audio_files/9HS509H.wav,enkota
audio_files/IMLTUDK.wav,amatooke
audio_files/LGAUYPE.wav,ebisoolisooli
audio_files/BA0YI88.wav,ebirime
audio_files/PAR7510.wav,kasaanyi
audio_files/152ZA4G.wav,passion fruit
audio_files/IWQ50JM.wav,akatungulu
audio_files/8PSP7VT.wav,emicungwa
audio_files/KMK59ZB.wav,amakoola
audio_files/0NLTZQG.wav,okufuuyira
audio_files/NIWUAIV.wav,okunnoga
audio_files/CQKQ8VJ.wav,fruit
audio_files/NSIOLIT.wav,disease
audio_files/FEAF2FS.wav,okulimibwa
audio_files/FNZ2SFS.wav,mucungwa
audio_files/1SFQHDA.wav,ebirime
audio_files/3VU8ULJ.wav,ekigimusa
audio_files/WIS6VA5.wav,maize streak virus
audio_files/6ZB04LQ.wav,miceere
audio_files/V0F7O3U.wav,ennima
audio_files/FCNG4AY.wav,ebijjanjalo
audio_files/VF6GSXM.wav,okulima
audio_files/9D6AM90.wav,maize
audio_files/XOXLVUX.wav,leaf
audio_files/O3UJ8YS.wav,okukungula
audio_files/TIX8JWN.wav,omusiri
audio_files/FHUPGAF.wav,ebiwuka
audio_files/73X8WSZ.wav,leaves
audio_files/MXLNWEQ.wav,fruit
audio_files/PD0DXE6.wav,farmer
audio_files/WZDZ0WZ.wav,obuwuka
audio_files/Q1M5LDE.wav,endwadde
audio_files/LFHPJBP.wav,banana
audio_files/XXF7EIB.wav,insects
audio_files/V0WRNFO.wav,matooke
audio_files/JQGJR11.wav,ddagala
audio_files/0259OO7.wav,muceere
audio_files/FFWS3T0.wav,ebisoolisooli
audio_files/CRNVLST.wav,Spinach
audio_files/I2ECXAW.wav,akawuka
audio_files/26VZTTR.wav,ennyaanya
audio_files/UMA42PC.wav,ebijanjaalo
audio_files/NY9JVGX.wav,emboga
audio_files/5FXMY7D.wav,okusaasaanya
audio_files/JSR97K9.wav,namuginga
audio_files/HDWXG70.wav,ekigimusa
audio_files/WLXB5GP.wav,olusuku
audio_files/4CNBBAP.wav,okugimusa
audio_files/5N9NPPG.wav,ensuku
audio_files/V9NGZUQ.wav,farm
audio_files/D6IE4W5.wav,leaf
audio_files/41NLO7C.wav,eppapaali
audio_files/OAQMVEN.wav,plant
audio_files/XQ2CV64.wav,seed
audio_files/5VF39HA.wav,ppaapaali
audio_files/WXS3AZV.wav,ebisaanyi
audio_files/YSE66ZM.wav,kasaanyi
audio_files/KIC1FBG.wav,faamu
audio_files/8H5LXQ1.wav,ebbugga
audio_files/4438DBC.wav,omuyembe
audio_files/WXKD8SV.wav,pumpkin
audio_files/0L24X5C.wav,npk
audio_files/03IFZN7.wav,tomatoes
audio_files/GMPPSA0.wav,suckers
audio_files/F0THUHF.wav,plant
audio_files/4WIWIAQ.wav,ekikajjo
audio_files/B49TKVG.wav,nnasale beedi
audio_files/UHUGUFE.wav,sikungula
audio_files/FLYN7M6.wav,nnyaanya
audio_files/R6F7SLY.wav,ndwadde
audio_files/1D1JLR5.wav,ekijanjaalo
audio_files/IOJZ8FU.wav,okusaasaanya
audio_files/Z8G51QY.wav,omuyembe
audio_files/F3OLRXK.wav,omuyembe
audio_files/95CVBSV.wav,ppaapaali
audio_files/POYRQ8Z.wav,kassooli
audio_files/8UFGE12.wav,caterpillar
audio_files/XA8AFLF.wav,emmwanyi
audio_files/T0EOQ62.wav,rice
audio_files/Z5ORKMZ.wav,namuginga
audio_files/KPO6IL1.wav,eggobe
audio_files/QNVOVNS.wav,ekiwojjolo
audio_files/EDQQ756.wav,enva endiirwa
audio_files/2GBTFXD.wav,okukkoola
audio_files/32FAAJJ.wav,akatungulu
audio_files/6QOHL7J.wav,caterpillar
audio_files/HWZ3GHX.wav,lusuku
audio_files/JSEX2YJ.wav,ebigimusa
audio_files/S9BECWV.wav,insects
audio_files/9R1YMRV.wav,eddagala
audio_files/JT3LRY4.wav,eddagala
audio_files/SXOY5VW.wav,nnimiro
audio_files/OJCPIYX.wav,bibala
audio_files/5ICYCCY.wav,omulimisa
audio_files/4VY6EZT.wav,ebirime
audio_files/63FSPLG.wav,munyeera
audio_files/LKEJAIR.wav,ekikolo
audio_files/P2K2ZRU.wav,omulimisa
audio_files/0JEX2TT.wav,okusaasaanya
audio_files/XPOGV5Z.wav,miceere
audio_files/FWB2F12.wav,farmer
audio_files/D4POVS4.wav,akawuka
audio_files/RTJGP5O.wav,okuzifuuyira
audio_files/BRFFD3N.wav,insect
audio_files/6E2BPU5.wav,ensiringanyi
audio_files/3WIBAST.wav,crop
audio_files/OONB7ST.wav,ekikolo
audio_files/TDB4J57.wav,kasaanyi
audio_files/5GMUIXO.wav,ebisoolisooli
audio_files/M67H1FQ.wav,okulimibwa
audio_files/YAWPAYD.wav,ekirwadde
audio_files/C2IX5CJ.wav,eppapaali
audio_files/O5EW5XW.wav,obusaanyi
audio_files/POUN8C8.wav,sikungula
audio_files/2QB56VF.wav,ebijjanjalo
audio_files/4IX9U2I.wav,eggobe
audio_files/0MM9LNS.wav,cabbages
audio_files/ELJK3W5.wav,ensukusa
audio_files/K74EG29.wav,kisaanyi
audio_files/9PITU55.wav,ground nuts
audio_files/F1QNJL0.wav,olusuku
audio_files/QTEDMF8.wav,nfukirira
audio_files/JUEZM5D.wav,ebisoolisooli
audio_files/2TH0REU.wav,emiyembe
audio_files/LXP07II.wav,okusaasaana
audio_files/OPN2UKC.wav,ekigimusa
audio_files/HEZKCVR.wav,caterpillar
audio_files/24XSUCZ.wav,obutungulu
audio_files/WOJ4U50.wav,agriculture
audio_files/IHFB5ZT.wav,pepper
audio_files/DPUWOOT.wav,beans
audio_files/V3NAXVI.wav,ensukusa
audio_files/QOLVHBV.wav,pampu
audio_files/EM25F5F.wav,ejjobyo
audio_files/HEH5U0D.wav,nnyaanya
audio_files/0FWAT84.wav,okusimba
audio_files/1B9YFNS.wav,drought
audio_files/9M0MRAH.wav,fruit picking
audio_files/MJ3JJTK.wav,sugarcane
audio_files/R0T7MVV.wav,muceere
audio_files/5R4CRYA.wav,afukirira
audio_files/RS6LJA7.wav,watermelon
audio_files/YXCPZBG.wav,orange
audio_files/0N7MRCA.wav,banana
audio_files/AY3JU7P.wav,rice
audio_files/WDM7TR5.wav,ebitooke
audio_files/5A9LAVW.wav,amakoola
audio_files/BY5ZYWA.wav,endwadde
audio_files/M1SK54E.wav,fertilizer
audio_files/WN5ZTY4.wav,mpeke
audio_files/K1FSKWL.wav,ekimera
audio_files/6L3C6V7.wav,ennyaanya
audio_files/28WTGM2.wav,ebimera
audio_files/ZF9M5SR.wav,Pump
audio_files/MCPF5UK.wav,lusuku
audio_files/LLFF9PY.wav,eppapaali
audio_files/07MHEVA.wav,akamonde
audio_files/INTRBHK.wav,ekiwojjolo
audio_files/NYXYLMO.wav,enva endiirwa
audio_files/PFKF3GA.wav,obuwuka
audio_files/A0PQKGI.wav,crop
audio_files/XO1W6CU.wav,amakungula
audio_files/JQFAARU.wav,irrigate
audio_files/ME8125V.wav,bulimi
audio_files/VUX7E40.wav,miceere
audio_files/SFXNX2G.wav,ebyobulimi
audio_files/K0AV6Y0.wav,doodo
audio_files/POOWLPW.wav,matooke
audio_files/BREQCHJ.wav,irrigate
audio_files/ORRDCAC.wav,obulwadde
audio_files/STNJZUT.wav,obutunda
audio_files/LT726CE.wav,munyeera
audio_files/85646E9.wav,okusaasaanya
audio_files/49KS0MA.wav,okusaasaana
audio_files/L7QA57U.wav,npk
audio_files/XJ4ZW6D.wav,obulwadde
audio_files/OK7T444.wav,ebibala
audio_files/2EEM0OB.wav,muwogo
audio_files/N3Z6WHM.wav,enkota
audio_files/HBJQWAO.wav,abalimi
audio_files/3BY7J9D.wav,kikolo
audio_files/G19I4O4.wav,ebikajjo
audio_files/HVHJ87T.wav,okusaasaanya
audio_files/ZTY3ZKD.wav,onion
audio_files/DGSM3EH.wav,coffee
audio_files/X66CQG3.wav,weeding
audio_files/8A3HUDV.wav,seed
audio_files/RXS0ONC.wav,kisaanyi
audio_files/7CQ88T8.wav,emisiri
audio_files/C7TO1WT.wav,ebiwuka
audio_files/QTMHNG1.wav,akasaanyi
audio_files/W8MJBAI.wav,ekiwojjolo
audio_files/GOLVWOW.wav,harvest
audio_files/7IXFZGP.wav,ekikolo
audio_files/6FUP0RB.wav,garden
audio_files/KHRCESM.wav,amakungula
audio_files/ZPV7RSO.wav,ekirwadde
audio_files/BPW196A.wav,nakavundira
audio_files/FSXSKBU.wav,ensiringanyi
audio_files/DA83KC6.wav,ekitooke
audio_files/B6V1DDV.wav,fruit
audio_files/JZ31M2Y.wav,akasaanyi
audio_files/BY02IE5.wav,ebigimusa
audio_files/298NIZ1.wav,akammwanyi
audio_files/LNSQGXX.wav,farming instructor
audio_files/FOCQW2R.wav,kisaanyi
audio_files/6RHRSP1.wav,caterpillars
audio_files/LTXEAK2.wav,ebiwojjolo
audio_files/AGBRTA3.wav,ndwadde
audio_files/XBKFREJ.wav,nakavundira
audio_files/MK8M57C.wav,emicungwa
audio_files/VQHIV3Z.wav,ebiwojjolo
audio_files/4GZHH2W.wav,ndwadde
audio_files/E5JN7P7.wav,obuwuka
audio_files/DZ48Q32.wav,seed
audio_files/DKH9K7M.wav,sukumawiki
audio_files/RS64WPL.wav,emisiri
audio_files/MCHO6QE.wav,endokwa
audio_files/7UU5M4S.wav,ekisaanyi
audio_files/93XQ0PX.wav,farming instructor
audio_files/KRA6DX8.wav,ebikajjo
audio_files/4KRBLBQ.wav,greens
audio_files/5G97RLZ.wav,okufukirira
audio_files/BGW3OV7.wav,akammwanyi
audio_files/MVSOHN7.wav,irrigate
audio_files/K7J410I.wav,eppapaali
audio_files/FGLWJFA.wav,ekirwadde
audio_files/LUKYPAQ.wav,eddagala
audio_files/4ZY4JJC.wav,ekiwojjolo
audio_files/XDPQJLM.wav,plant
audio_files/EUVM4PR.wav,fruit
audio_files/I37J8TA.wav,mulimi
audio_files/7QPXJL2.wav,watermelon
audio_files/KTXLXFR.wav,kassooli
audio_files/5RQOEBT.wav,ekijanjaalo
audio_files/3L98GWZ.wav,sow
audio_files/QNZECA9.wav,cassava
audio_files/GUIY718.wav,harvesting
audio_files/W38UIGC.wav,farm
audio_files/E04FSN7.wav,nakavundira
audio_files/2MV9KPP.wav,nursery bed
